{"files":[{"id":"49336e3e-c246-45bb-81b3-809a37525c17","name":"appsscript","type":"json","source":"{\n  \"timeZone\": \"America/New_York\",\n  \"dependencies\": {},\n  \"exceptionLogging\": \"STACKDRIVER\",\n  \"runtimeVersion\": \"V8\",\n  \"webapp\": {\n    \"executeAs\": \"USER_DEPLOYING\",\n    \"access\": \"ANYONE_ANONYMOUS\"\n  }\n}"},{"id":"43b11abe-5207-44e8-9559-620cd54e5fbd","name":"Code","type":"server_js","source":"function doGet() {\n  return HtmlService.createHtmlOutputFromFile(\"page\")\n}\nfunction setup(details) {\n  MailApp.sendEmail(details.email,\n              \"TPS reports\",\n              \"Where are the TPS reports?\");\n}"},{"id":"fbe9cb8b-a9e4-4d08-8ad4-0941358eba7f","name":"page","type":"html","source":"\u003c!DOCTYPE html\u003e\n\u003chtml\u003e\n  \u003chead\u003e\n    \u003cbase target\u003d\"_top\"\u003e\n    \u003cstyle\u003e\n\n    \u003c/style\u003e\n  \u003c/head\u003e\n  \u003cbody\u003e\n    \u003ch1\u003eLoWeb\u003c/h1\u003e\n    \u003cinput id\u003d\"email\" placeholder\u003d\"Email\"\u003e\n    \u003cbutton onclick\u003d\"userClicked()\"\u003eDone\u003c/button\u003e\n\n    \u003cscript\u003e\n      function userClicked() {\n        const details \u003d {\n          email: email.value\n        }\n        google.script.run.setup(details);\n      }\n    \u003c/script\u003e\n  \u003c/body\u003e\n\u003c/html\u003e\n"}]}